participant.id_in_session,participant.code,participant.label,participant._is_bot,participant._index_in_pages,participant._max_page_index,participant._current_app_name,participant._current_page_name,participant.time_started_utc,participant.visited,participant.mturk_worker_id,participant.mturk_assignment_id,participant.payoff,participant.treatment,participant.domain,participant.valence,participant.anti_valence,participant.high_payoff,participant.part_payment,participant.collaborative_job,participant.random_row,participant.question,participant.wtp,participant.experiment_sequence,participant.sequence,participant.practice_sequence,participant.mistakes,participant.times,participant.num_draws,participant.bonus_payment,participant.expected_bonus,participant.feedback,participant.demographics,participant.finished,session.code,session.label,session.mturk_HITId,session.mturk_HITGroupId,session.comment,session.is_demo,session.config.dev_mode,session.config.participation_fee,session.config.name,session.config.real_world_currency_per_point,session.prolific_completion_url,question2.1.player.id_in_group,question2.1.player.role,question2.1.player.payoff,question2.1.player.confused_binary,question2.1.player.confused_text,question2.1.player.CQ_conditions_collaborative_job,question2.1.player.CQ_bonus_collabarotive_job_consists,question2.1.player.CQ_penalty_collabarotive_job_consists,question2.1.player.CQ_bonus_collaboartive_job_payment,question2.1.player.CQ_penalty_collaboartive_job_payment,question2.1.player.CQ_bonus_tentative_own,question2.1.player.CQ_penalty_tentative_own,question2.1.player.CQ_bonus_tentative_other,question2.1.player.CQ_penalty_tentative_other,question2.1.player.CQ_tasks_payment,question2.1.player.CQ_tasks_demand_elicitation,question2.1.player.CQ_states_payment,question2.1.player.CQ_states_demand_elicitation,question2.1.player.CQ_time_periods_payment,question2.1.player.CQ_time_periods_demand_elicitation,question2.1.player.wtp,question2.1.player.feedback,question2.1.player.feedbackDifficulty,question2.1.player.feedbackUnderstanding,question2.1.player.feedbackSatisfied,question2.1.player.feedbackPay,question2.1.player.sports,question2.1.player.car,question2.1.player.illness,question2.1.player.will,question2.1.player.vacation,question2.1.player.lottery,question2.1.player.date,question2.1.player.portfolio,question2.1.player.summary_bad,question2.1.player.summary_good,question2.1.group.id_in_subsession,question2.1.subsession.round_number,pilot.1.player.id_in_group,pilot.1.player.role,pilot.1.player.payoff,pilot.1.player.expected_bonus,pilot.1.player.num_draws,pilot.1.player.payment_B,pilot.1.player.bonus,pilot.1.player.increase_bonus,pilot.1.player.same_bonus,pilot.1.player.decrease_bonus,pilot.1.player.payment_P,pilot.1.player.penalty,pilot.1.player.increase_penalty,pilot.1.player.same_penalty,pilot.1.player.decrease_penalty,pilot.1.player.gender,pilot.1.player.ethnic,pilot.1.player.age,pilot.1.player.education,pilot.1.player.marital,pilot.1.player.income,pilot.1.player.percentProlific,pilot.1.player.state,pilot.1.player.feedback,pilot.1.group.id_in_subsession,pilot.1.subsession.round_number,pilot.2.player.id_in_group,pilot.2.player.role,pilot.2.player.payoff,pilot.2.player.expected_bonus,pilot.2.player.num_draws,pilot.2.player.payment_B,pilot.2.player.bonus,pilot.2.player.increase_bonus,pilot.2.player.same_bonus,pilot.2.player.decrease_bonus,pilot.2.player.payment_P,pilot.2.player.penalty,pilot.2.player.increase_penalty,pilot.2.player.same_penalty,pilot.2.player.decrease_penalty,pilot.2.player.gender,pilot.2.player.ethnic,pilot.2.player.age,pilot.2.player.education,pilot.2.player.marital,pilot.2.player.income,pilot.2.player.percentProlific,pilot.2.player.state,pilot.2.player.feedback,pilot.2.group.id_in_subsession,pilot.2.subsession.round_number,pilot.3.player.id_in_group,pilot.3.player.role,pilot.3.player.payoff,pilot.3.player.expected_bonus,pilot.3.player.num_draws,pilot.3.player.payment_B,pilot.3.player.bonus,pilot.3.player.increase_bonus,pilot.3.player.same_bonus,pilot.3.player.decrease_bonus,pilot.3.player.payment_P,pilot.3.player.penalty,pilot.3.player.increase_penalty,pilot.3.player.same_penalty,pilot.3.player.decrease_penalty,pilot.3.player.gender,pilot.3.player.ethnic,pilot.3.player.age,pilot.3.player.education,pilot.3.player.marital,pilot.3.player.income,pilot.3.player.percentProlific,pilot.3.player.state,pilot.3.player.feedback,pilot.3.group.id_in_subsession,pilot.3.subsession.round_number,pilot.4.player.id_in_group,pilot.4.player.role,pilot.4.player.payoff,pilot.4.player.expected_bonus,pilot.4.player.num_draws,pilot.4.player.payment_B,pilot.4.player.bonus,pilot.4.player.increase_bonus,pilot.4.player.same_bonus,pilot.4.player.decrease_bonus,pilot.4.player.payment_P,pilot.4.player.penalty,pilot.4.player.increase_penalty,pilot.4.player.same_penalty,pilot.4.player.decrease_penalty,pilot.4.player.gender,pilot.4.player.ethnic,pilot.4.player.age,pilot.4.player.education,pilot.4.player.marital,pilot.4.player.income,pilot.4.player.percentProlific,pilot.4.player.state,pilot.4.player.feedback,pilot.4.group.id_in_subsession,pilot.4.subsession.round_number,pilot.5.player.id_in_group,pilot.5.player.role,pilot.5.player.payoff,pilot.5.player.expected_bonus,pilot.5.player.num_draws,pilot.5.player.payment_B,pilot.5.player.bonus,pilot.5.player.increase_bonus,pilot.5.player.same_bonus,pilot.5.player.decrease_bonus,pilot.5.player.payment_P,pilot.5.player.penalty,pilot.5.player.increase_penalty,pilot.5.player.same_penalty,pilot.5.player.decrease_penalty,pilot.5.player.gender,pilot.5.player.ethnic,pilot.5.player.age,pilot.5.player.education,pilot.5.player.marital,pilot.5.player.income,pilot.5.player.percentProlific,pilot.5.player.state,pilot.5.player.feedback,pilot.5.group.id_in_subsession,pilot.5.subsession.round_number,pilot.6.player.id_in_group,pilot.6.player.role,pilot.6.player.payoff,pilot.6.player.expected_bonus,pilot.6.player.num_draws,pilot.6.player.payment_B,pilot.6.player.bonus,pilot.6.player.increase_bonus,pilot.6.player.same_bonus,pilot.6.player.decrease_bonus,pilot.6.player.payment_P,pilot.6.player.penalty,pilot.6.player.increase_penalty,pilot.6.player.same_penalty,pilot.6.player.decrease_penalty,pilot.6.player.gender,pilot.6.player.ethnic,pilot.6.player.age,pilot.6.player.education,pilot.6.player.marital,pilot.6.player.income,pilot.6.player.percentProlific,pilot.6.player.state,pilot.6.player.feedback,pilot.6.group.id_in_subsession,pilot.6.subsession.round_number,pilot.7.player.id_in_group,pilot.7.player.role,pilot.7.player.payoff,pilot.7.player.expected_bonus,pilot.7.player.num_draws,pilot.7.player.payment_B,pilot.7.player.bonus,pilot.7.player.increase_bonus,pilot.7.player.same_bonus,pilot.7.player.decrease_bonus,pilot.7.player.payment_P,pilot.7.player.penalty,pilot.7.player.increase_penalty,pilot.7.player.same_penalty,pilot.7.player.decrease_penalty,pilot.7.player.gender,pilot.7.player.ethnic,pilot.7.player.age,pilot.7.player.education,pilot.7.player.marital,pilot.7.player.income,pilot.7.player.percentProlific,pilot.7.player.state,pilot.7.player.feedback,pilot.7.group.id_in_subsession,pilot.7.subsession.round_number,pilot.8.player.id_in_group,pilot.8.player.role,pilot.8.player.payoff,pilot.8.player.expected_bonus,pilot.8.player.num_draws,pilot.8.player.payment_B,pilot.8.player.bonus,pilot.8.player.increase_bonus,pilot.8.player.same_bonus,pilot.8.player.decrease_bonus,pilot.8.player.payment_P,pilot.8.player.penalty,pilot.8.player.increase_penalty,pilot.8.player.same_penalty,pilot.8.player.decrease_penalty,pilot.8.player.gender,pilot.8.player.ethnic,pilot.8.player.age,pilot.8.player.education,pilot.8.player.marital,pilot.8.player.income,pilot.8.player.percentProlific,pilot.8.player.state,pilot.8.player.feedback,pilot.8.group.id_in_subsession,pilot.8.subsession.round_number,pilot.9.player.id_in_group,pilot.9.player.role,pilot.9.player.payoff,pilot.9.player.expected_bonus,pilot.9.player.num_draws,pilot.9.player.payment_B,pilot.9.player.bonus,pilot.9.player.increase_bonus,pilot.9.player.same_bonus,pilot.9.player.decrease_bonus,pilot.9.player.payment_P,pilot.9.player.penalty,pilot.9.player.increase_penalty,pilot.9.player.same_penalty,pilot.9.player.decrease_penalty,pilot.9.player.gender,pilot.9.player.ethnic,pilot.9.player.age,pilot.9.player.education,pilot.9.player.marital,pilot.9.player.income,pilot.9.player.percentProlific,pilot.9.player.state,pilot.9.player.feedback,pilot.9.group.id_in_subsession,pilot.9.subsession.round_number,pilot.10.player.id_in_group,pilot.10.player.role,pilot.10.player.payoff,pilot.10.player.expected_bonus,pilot.10.player.num_draws,pilot.10.player.payment_B,pilot.10.player.bonus,pilot.10.player.increase_bonus,pilot.10.player.same_bonus,pilot.10.player.decrease_bonus,pilot.10.player.payment_P,pilot.10.player.penalty,pilot.10.player.increase_penalty,pilot.10.player.same_penalty,pilot.10.player.decrease_penalty,pilot.10.player.gender,pilot.10.player.ethnic,pilot.10.player.age,pilot.10.player.education,pilot.10.player.marital,pilot.10.player.income,pilot.10.player.percentProlific,pilot.10.player.state,pilot.10.player.feedback,pilot.10.group.id_in_subsession,pilot.10.subsession.round_number
1,w3yxm6m8,,0,21,21,question2,Redirect,2023-08-31 18:59:00.213398,1,,,2.5,"('tasks', 'bonus', 'low')",tasks,bonus,penalty,low,Part 2,False,3,Do you prefer <b>complete the Collaborative Job</b> OR <b>Get $8.50</b>?,6.25,,"{'penalty': '[""2.13"", ""2.11"", ""3.26"", ""2.07"", ""2.25"", ""3.13"", ""3.36"", ""2.07"", ""2.51"", ""2.11"", ""2.37"", ""2.31"", ""2.38"", ""2.58"", ""2.55"", ""2.45"", ""2.06"", ""2.10"", ""2.25"", ""2.19"", ""2.67"", ""3.08"", ""2.20"", ""3.08"", ""2.34"", ""2.17"", ""2.02"", ""2.00"", ""3.02"", ""3.21"", ""2.23"", ""2.14"", ""2.45"", ""2.05"", ""2.02"", ""4.01"", ""2.46"", ""2.49"", ""2.49"", ""2.17"", ""2.57"", ""4.84"", ""2.43"", ""2.15"", ""2.18"", ""3.06"", ""3.75"", ""2.25"", ""2.55"", ""2.06""]', 'bonus': '[""2.13"", ""2.03"", ""2.08"", ""2.04"", ""2.12"", ""3.65"", ""2.34"", ""3.23"", ""2.71"", ""2.49"", ""2.36"", ""2.00"", ""2.45"", ""2.19"", ""2.40"", ""2.67"", ""2.13"", ""2.20"", ""2.15"", ""2.22"", ""2.27"", ""3.62"", ""2.25"", ""2.26"", ""2.85"", ""3.48"", ""2.33"", ""2.04"", ""3.45"", ""2.56"", ""3.11"", ""3.14"", ""2.32"", ""3.16"", ""2.53"", ""3.53"", ""2.21"", ""3.24"", ""2.17"", ""2.30"", ""2.25"", ""2.12"", ""2.24"", ""4.08"", ""2.25"", ""2.74"", ""2.10"", ""2.82"", ""2.58"", ""2.01""]'}","{'penalty': '[""2.20"", ""2.97"", ""2.29"", ""2.98"", ""2.60""]', 'bonus': '[""3.00"", ""2.01"", ""2.30"", ""3.57"", ""2.09""]'}","{'CQ_conditions_collaborative_job': 3, 'CQ_bonus_collabarotive_job_consists': 3, 'CQ_bonus_collaboartive_job_payment': 3, 'CQ_bonus_tentative_own': 3, 'CQ_bonus_tentative_other': 3}","{'time_started': 1693508340.265402, 'time_finished': 1693508615.127807}",,0.5,,,,1,difmdism,,,,,0,0,0.0,question2,1.0,,1,,0.0,0,asdfasdfadsfasdfasdfads,3,1,,3,,1,,2,,,,,,,,"{""history"":[],""cutoff"":""right:7""}",Wonderful,1,2,3,4,1,2,3,4,6,5,4,3,5,6,1,1,,,,,,,,,,,,,,,,,,,,,,,,,,,,,,,,,,,,,,,,,,,,,,,,,,,,,,,,,,,,,,,,,,,,,,,,,,,,,,,,,,,,,,,,,,,,,,,,,,,,,,,,,,,,,,,,,,,,,,,,,,,,,,,,,,,,,,,,,,,,,,,,,,,,,,,,,,,,,,,,,,,,,,,,,,,,,,,,,,,,,,,,,,,,,,,,,,,,,,,,,,,,,,,,,,,,,,,,,,,,,,,,,,,,,,,,,,,,,,,,,,,,,,,,,,,,,,,,,,,,
2,72nu8u7e,,0,21,21,question2,Redirect,2023-08-31 19:00:03.406936,1,,,2.5,"('tasks', 'penalty', 'low')",tasks,penalty,bonus,low,Part 2,0,36,Do you prefer <b>complete the Collaborative Job</b> OR <b>Pay $8.00</b>?,5.75,,"{'penalty': '[""2.57"", ""2.35"", ""2.40"", ""2.06"", ""2.30"", ""2.28"", ""2.94"", ""2.38"", ""2.93"", ""2.12"", ""2.14"", ""2.36"", ""2.76"", ""3.93"", ""2.08"", ""2.93"", ""2.54"", ""2.00"", ""2.12"", ""3.58"", ""3.54"", ""2.33"", ""2.71"", ""2.10"", ""2.40"", ""2.02"", ""3.25"", ""5.09"", ""2.01"", ""2.00"", ""3.32"", ""2.44"", ""2.37"", ""2.93"", ""2.67"", ""2.13"", ""2.05"", ""2.07"", ""2.71"", ""2.70"", ""2.81"", ""3.70"", ""2.67"", ""5.26"", ""3.07"", ""2.93"", ""2.07"", ""3.76"", ""2.82"", ""2.30""]', 'bonus': '[""2.04"", ""4.98"", ""2.76"", ""2.33"", ""2.29"", ""2.94"", ""2.75"", ""2.26"", ""2.34"", ""2.05"", ""3.33"", ""2.67"", ""2.18"", ""2.75"", ""3.05"", ""3.09"", ""2.22"", ""2.15"", ""2.95"", ""2.01"", ""2.19"", ""2.12"", ""2.54"", ""2.25"", ""2.40"", ""2.36"", ""2.18"", ""2.14"", ""2.11"", ""2.54"", ""2.07"", ""2.10"", ""3.02"", ""2.74"", ""2.51"", ""2.61"", ""2.22"", ""2.12"", ""2.37"", ""2.67"", ""4.60"", ""3.20"", ""3.46"", ""4.00"", ""2.08"", ""2.15"", ""2.02"", ""2.18"", ""2.60"", ""2.67""]'}","{'penalty': '[""2.49"", ""2.76"", ""2.15"", ""2.15"", ""2.87""]', 'bonus': '[""2.23"", ""2.07"", ""3.76"", ""2.61"", ""2.47""]'}","{'CQ_conditions_collaborative_job': 0, 'CQ_penalty_collabarotive_job_consists': 0, 'CQ_penalty_collaboartive_job_payment': 0, 'CQ_penalty_tentative_own': 0, 'CQ_penalty_tentative_other': 0}","{'time_started': 1693508403.4166698, 'time_finished': 1693509419.248052}",,0.5,,,,1,difmdism,,,,,0,0,0.0,question2,1.0,,2,,0.0,1,df,3,,1,,3,,2,,1,,,,,,,"{""history"":[],""cutoff"":""right:8""}",asdfasdf,10,10,10,10,6,5,4,3,6,6,6,6,6,6,1,1,,,,,,,,,,,,,,,,,,,,,,,,,,,,,,,,,,,,,,,,,,,,,,,,,,,,,,,,,,,,,,,,,,,,,,,,,,,,,,,,,,,,,,,,,,,,,,,,,,,,,,,,,,,,,,,,,,,,,,,,,,,,,,,,,,,,,,,,,,,,,,,,,,,,,,,,,,,,,,,,,,,,,,,,,,,,,,,,,,,,,,,,,,,,,,,,,,,,,,,,,,,,,,,,,,,,,,,,,,,,,,,,,,,,,,,,,,,,,,,,,,,,,,,,,,,,,,,,,,,,
3,v6hvmimm,,0,0,21,,,,0,,,0.0,"('tasks', 'bonus', 'low')",tasks,bonus,penalty,low,Part 2,,,,,,"{'penalty': '[""3.33"", ""3.72"", ""3.21"", ""2.66"", ""2.96"", ""2.30"", ""9.70"", ""2.65"", ""2.78"", ""3.01"", ""2.20"", ""2.80"", ""2.29"", ""2.05"", ""2.58"", ""2.02"", ""2.26"", ""2.45"", ""3.36"", ""3.87"", ""2.47"", ""2.58"", ""3.53"", ""2.75"", ""2.00"", ""2.62"", ""2.02"", ""2.16"", ""2.01"", ""2.19"", ""2.25"", ""2.60"", ""4.90"", ""2.02"", ""2.35"", ""3.33"", ""2.62"", ""2.55"", ""2.97"", ""2.89"", ""2.74"", ""2.49"", ""2.32"", ""3.20"", ""3.41"", ""2.89"", ""2.88"", ""3.03"", ""3.06"", ""2.18""]', 'bonus': '[""2.07"", ""2.12"", ""2.09"", ""2.16"", ""2.02"", ""2.83"", ""2.00"", ""4.70"", ""2.36"", ""2.16"", ""2.54"", ""3.37"", ""3.25"", ""2.21"", ""2.45"", ""2.05"", ""3.39"", ""2.05"", ""2.48"", ""2.54"", ""2.13"", ""2.80"", ""2.12"", ""2.34"", ""2.06"", ""2.82"", ""2.25"", ""2.30"", ""2.55"", ""4.16"", ""3.32"", ""2.01"", ""2.04"", ""2.91"", ""2.04"", ""2.10"", ""2.27"", ""3.90"", ""3.67"", ""2.11"", ""2.06"", ""2.21"", ""2.03"", ""2.11"", ""2.03"", ""2.58"", ""2.14"", ""3.34"", ""2.12"", ""2.11""]'}","{'penalty': '[""4.40"", ""2.14"", ""2.74"", ""2.02"", ""3.05""]', 'bonus': '[""3.08"", ""3.60"", ""2.67"", ""2.28"", ""2.35""]'}",,,,,,,,,difmdism,,,,,0,0,0.0,question2,1.0,,3,,0.0,,,,,,,,,,,,,,,,,,,,,,,,,,,,,,,,,,1,1,,,,,,,,,,,,,,,,,,,,,,,,,,,,,,,,,,,,,,,,,,,,,,,,,,,,,,,,,,,,,,,,,,,,,,,,,,,,,,,,,,,,,,,,,,,,,,,,,,,,,,,,,,,,,,,,,,,,,,,,,,,,,,,,,,,,,,,,,,,,,,,,,,,,,,,,,,,,,,,,,,,,,,,,,,,,,,,,,,,,,,,,,,,,,,,,,,,,,,,,,,,,,,,,,,,,,,,,,,,,,,,,,,,,,,,,,,,,,,,,,,,,,,,,,,,,,,,,,,,,
4,ytnrnf7o,,0,0,21,,,,0,,,0.0,"('tasks', 'penalty', 'low')",tasks,penalty,bonus,low,Part 2,,,,,,"{'penalty': '[""2.30"", ""3.30"", ""2.87"", ""2.00"", ""2.06"", ""2.06"", ""2.60"", ""2.80"", ""2.22"", ""3.28"", ""2.12"", ""2.25"", ""2.04"", ""3.15"", ""2.20"", ""2.19"", ""2.25"", ""2.25"", ""2.14"", ""2.21"", ""3.24"", ""2.41"", ""2.05"", ""2.81"", ""2.31"", ""3.51"", ""2.03"", ""2.38"", ""2.95"", ""2.59"", ""2.08"", ""3.26"", ""3.80"", ""2.00"", ""2.28"", ""2.78"", ""2.73"", ""2.07"", ""2.27"", ""2.24"", ""2.88"", ""2.68"", ""2.24"", ""2.01"", ""2.93"", ""3.01"", ""2.44"", ""2.02"", ""2.57"", ""2.08""]', 'bonus': '[""3.74"", ""2.13"", ""2.25"", ""2.38"", ""2.97"", ""2.16"", ""2.13"", ""2.38"", ""9.80"", ""4.48"", ""2.78"", ""3.44"", ""2.60"", ""2.05"", ""2.41"", ""3.14"", ""2.28"", ""2.12"", ""2.50"", ""2.57"", ""2.35"", ""2.83"", ""2.78"", ""2.00"", ""3.46"", ""2.12"", ""2.87"", ""2.29"", ""3.23"", ""2.09"", ""2.76"", ""2.09"", ""2.95"", ""2.11"", ""2.86"", ""2.38"", ""2.19"", ""2.80"", ""2.71"", ""2.25"", ""3.79"", ""2.08"", ""2.69"", ""2.73"", ""2.14"", ""2.07"", ""2.08"", ""2.42"", ""2.08"", ""2.82""]'}","{'penalty': '[""2.05"", ""2.11"", ""2.04"", ""2.05"", ""2.10""]', 'bonus': '[""2.07"", ""2.03"", ""2.83"", ""2.07"", ""2.03""]'}",,,,,,,,,difmdism,,,,,0,0,0.0,question2,1.0,,4,,0.0,,,,,,,,,,,,,,,,,,,,,,,,,,,,,,,,,,1,1,,,,,,,,,,,,,,,,,,,,,,,,,,,,,,,,,,,,,,,,,,,,,,,,,,,,,,,,,,,,,,,,,,,,,,,,,,,,,,,,,,,,,,,,,,,,,,,,,,,,,,,,,,,,,,,,,,,,,,,,,,,,,,,,,,,,,,,,,,,,,,,,,,,,,,,,,,,,,,,,,,,,,,,,,,,,,,,,,,,,,,,,,,,,,,,,,,,,,,,,,,,,,,,,,,,,,,,,,,,,,,,,,,,,,,,,,,,,,,,,,,,,,,,,,,,,,,,,,,,,
5,94gkgrhh,,0,0,21,,,,0,,,0.0,"('tasks', 'bonus', 'low')",tasks,bonus,penalty,low,Part 2,,,,,,"{'penalty': '[""3.00"", ""2.31"", ""2.12"", ""2.18"", ""2.15"", ""3.60"", ""2.21"", ""4.79"", ""2.29"", ""2.20"", ""3.88"", ""2.34"", ""2.04"", ""2.67"", ""3.18"", ""2.32"", ""2.10"", ""2.83"", ""2.61"", ""2.03"", ""2.77"", ""2.55"", ""2.14"", ""2.88"", ""2.15"", ""2.21"", ""2.84"", ""2.29"", ""2.24"", ""2.42"", ""2.26"", ""2.48"", ""2.52"", ""4.30"", ""2.55"", ""2.60"", ""2.01"", ""4.08"", ""2.43"", ""2.41"", ""2.52"", ""2.23"", ""2.10"", ""2.25"", ""4.71"", ""2.51"", ""3.66"", ""2.63"", ""2.42"", ""2.37""]', 'bonus': '[""2.29"", ""2.28"", ""3.94"", ""2.16"", ""2.09"", ""2.21"", ""2.28"", ""2.32"", ""3.33"", ""2.70"", ""3.39"", ""3.22"", ""2.26"", ""2.37"", ""2.41"", ""2.74"", ""2.53"", ""2.18"", ""4.55"", ""2.18"", ""2.39"", ""3.01"", ""2.34"", ""2.04"", ""2.08"", ""2.29"", ""3.13"", ""2.20"", ""2.22"", ""2.22"", ""2.89"", ""2.21"", ""2.06"", ""2.57"", ""2.75"", ""2.56"", ""2.00"", ""3.30"", ""2.90"", ""2.20"", ""2.49"", ""2.05"", ""2.09"", ""2.65"", ""2.60"", ""2.70"", ""3.00"", ""2.18"", ""2.04"", ""2.85""]'}","{'penalty': '[""2.15"", ""2.62"", ""2.36"", ""2.02"", ""2.35""]', 'bonus': '[""2.14"", ""2.52"", ""2.27"", ""2.72"", ""2.18""]'}",,,,,,,,,difmdism,,,,,0,0,0.0,question2,1.0,,5,,0.0,,,,,,,,,,,,,,,,,,,,,,,,,,,,,,,,,,1,1,,,,,,,,,,,,,,,,,,,,,,,,,,,,,,,,,,,,,,,,,,,,,,,,,,,,,,,,,,,,,,,,,,,,,,,,,,,,,,,,,,,,,,,,,,,,,,,,,,,,,,,,,,,,,,,,,,,,,,,,,,,,,,,,,,,,,,,,,,,,,,,,,,,,,,,,,,,,,,,,,,,,,,,,,,,,,,,,,,,,,,,,,,,,,,,,,,,,,,,,,,,,,,,,,,,,,,,,,,,,,,,,,,,,,,,,,,,,,,,,,,,,,,,,,,,,,,,,,,,,
6,e7bkptv8,,0,0,21,,,,0,,,0.0,"('tasks', 'penalty', 'low')",tasks,penalty,bonus,low,Part 2,,,,,,"{'penalty': '[""2.11"", ""2.88"", ""2.17"", ""2.40"", ""2.63"", ""2.11"", ""3.18"", ""2.96"", ""3.02"", ""2.25"", ""2.62"", ""2.36"", ""2.29"", ""2.61"", ""2.59"", ""2.74"", ""2.59"", ""2.54"", ""2.14"", ""2.39"", ""2.60"", ""2.27"", ""2.44"", ""2.15"", ""2.36"", ""2.23"", ""4.25"", ""2.13"", ""2.10"", ""2.16"", ""3.29"", ""2.74"", ""2.47"", ""4.14"", ""4.14"", ""2.22"", ""2.59"", ""2.66"", ""2.43"", ""4.50"", ""2.49"", ""2.05"", ""2.12"", ""2.47"", ""2.05"", ""2.95"", ""2.27"", ""2.57"", ""3.90"", ""2.51""]', 'bonus': '[""3.04"", ""2.28"", ""2.21"", ""2.46"", ""2.44"", ""2.22"", ""3.47"", ""2.34"", ""4.08"", ""2.51"", ""2.49"", ""2.41"", ""2.31"", ""3.51"", ""3.17"", ""2.23"", ""2.13"", ""2.37"", ""3.92"", ""2.12"", ""2.02"", ""2.36"", ""2.61"", ""2.37"", ""2.09"", ""2.13"", ""3.38"", ""2.12"", ""2.43"", ""3.28"", ""2.27"", ""2.07"", ""3.03"", ""2.09"", ""3.96"", ""2.82"", ""2.21"", ""3.61"", ""2.52"", ""2.38"", ""2.09"", ""2.30"", ""2.89"", ""2.04"", ""2.12"", ""2.43"", ""2.86"", ""2.53"", ""2.14"", ""2.75""]'}","{'penalty': '[""2.45"", ""2.40"", ""5.26"", ""2.80"", ""3.65""]', 'bonus': '[""3.51"", ""2.17"", ""2.15"", ""2.42"", ""2.56""]'}",,,,,,,,,difmdism,,,,,0,0,0.0,question2,1.0,,6,,0.0,,,,,,,,,,,,,,,,,,,,,,,,,,,,,,,,,,1,1,,,,,,,,,,,,,,,,,,,,,,,,,,,,,,,,,,,,,,,,,,,,,,,,,,,,,,,,,,,,,,,,,,,,,,,,,,,,,,,,,,,,,,,,,,,,,,,,,,,,,,,,,,,,,,,,,,,,,,,,,,,,,,,,,,,,,,,,,,,,,,,,,,,,,,,,,,,,,,,,,,,,,,,,,,,,,,,,,,,,,,,,,,,,,,,,,,,,,,,,,,,,,,,,,,,,,,,,,,,,,,,,,,,,,,,,,,,,,,,,,,,,,,,,,,,,,,,,,,,,
7,lc0cdesj,,0,0,21,,,,0,,,0.0,"('tasks', 'bonus', 'low')",tasks,bonus,penalty,low,Part 2,,,,,,"{'penalty': '[""2.04"", ""2.07"", ""2.18"", ""2.74"", ""2.03"", ""2.38"", ""2.02"", ""2.28"", ""3.07"", ""2.27"", ""2.20"", ""2.19"", ""3.85"", ""2.30"", ""2.42"", ""2.19"", ""2.54"", ""2.25"", ""2.01"", ""2.29"", ""2.47"", ""2.37"", ""4.68"", ""2.44"", ""3.59"", ""2.00"", ""2.00"", ""2.00"", ""2.88"", ""2.28"", ""2.03"", ""2.07"", ""2.29"", ""4.32"", ""3.79"", ""2.60"", ""2.09"", ""3.23"", ""2.41"", ""2.65"", ""2.20"", ""2.89"", ""2.82"", ""2.27"", ""3.58"", ""2.12"", ""2.64"", ""2.22"", ""2.35"", ""4.69""]', 'bonus': '[""2.13"", ""2.28"", ""2.02"", ""2.60"", ""2.87"", ""2.93"", ""2.80"", ""2.04"", ""2.08"", ""2.43"", ""2.19"", ""2.63"", ""2.56"", ""2.29"", ""2.60"", ""4.35"", ""2.61"", ""2.10"", ""2.53"", ""2.47"", ""2.31"", ""2.12"", ""2.16"", ""2.35"", ""2.11"", ""2.26"", ""2.21"", ""2.42"", ""3.45"", ""2.32"", ""2.02"", ""4.82"", ""2.34"", ""2.11"", ""2.25"", ""5.13"", ""3.40"", ""2.17"", ""2.03"", ""2.00"", ""3.09"", ""3.33"", ""2.23"", ""2.93"", ""2.98"", ""4.81"", ""3.31"", ""2.27"", ""2.19"", ""2.04""]'}","{'penalty': '[""2.10"", ""2.07"", ""2.36"", ""2.30"", ""3.09""]', 'bonus': '[""2.33"", ""2.41"", ""2.13"", ""3.09"", ""3.11""]'}",,,,,,,,,difmdism,,,,,0,0,0.0,question2,1.0,,7,,0.0,,,,,,,,,,,,,,,,,,,,,,,,,,,,,,,,,,1,1,,,,,,,,,,,,,,,,,,,,,,,,,,,,,,,,,,,,,,,,,,,,,,,,,,,,,,,,,,,,,,,,,,,,,,,,,,,,,,,,,,,,,,,,,,,,,,,,,,,,,,,,,,,,,,,,,,,,,,,,,,,,,,,,,,,,,,,,,,,,,,,,,,,,,,,,,,,,,,,,,,,,,,,,,,,,,,,,,,,,,,,,,,,,,,,,,,,,,,,,,,,,,,,,,,,,,,,,,,,,,,,,,,,,,,,,,,,,,,,,,,,,,,,,,,,,,,,,,,,,
8,qfjfjgvg,,0,0,21,,,,0,,,0.0,"('tasks', 'penalty', 'low')",tasks,penalty,bonus,low,Part 2,,,,,,"{'penalty': '[""3.93"", ""2.47"", ""3.38"", ""2.34"", ""2.42"", ""2.93"", ""4.07"", ""3.90"", ""2.42"", ""2.06"", ""2.42"", ""2.09"", ""2.61"", ""2.12"", ""2.18"", ""2.06"", ""2.00"", ""2.92"", ""3.16"", ""2.91"", ""2.75"", ""2.06"", ""2.39"", ""2.05"", ""2.79"", ""3.17"", ""2.33"", ""2.14"", ""2.29"", ""2.07"", ""2.84"", ""2.90"", ""2.27"", ""3.46"", ""2.13"", ""2.36"", ""2.42"", ""3.41"", ""2.42"", ""2.56"", ""2.95"", ""2.89"", ""2.24"", ""2.80"", ""2.89"", ""2.31"", ""2.31"", ""2.04"", ""2.69"", ""2.26""]', 'bonus': '[""2.04"", ""2.11"", ""6.90"", ""2.46"", ""2.77"", ""2.45"", ""3.20"", ""2.53"", ""3.03"", ""2.36"", ""2.03"", ""2.78"", ""2.49"", ""4.81"", ""2.34"", ""2.49"", ""2.63"", ""2.78"", ""3.53"", ""2.75"", ""5.29"", ""2.49"", ""2.02"", ""2.12"", ""2.29"", ""3.02"", ""2.26"", ""2.62"", ""2.81"", ""2.58"", ""2.24"", ""2.08"", ""2.47"", ""2.27"", ""2.10"", ""3.30"", ""2.97"", ""2.12"", ""2.36"", ""2.31"", ""2.94"", ""2.26"", ""2.29"", ""2.13"", ""2.43"", ""2.50"", ""2.44"", ""2.28"", ""2.22"", ""2.28""]'}","{'penalty': '[""2.17"", ""2.12"", ""2.50"", ""2.34"", ""2.03""]', 'bonus': '[""2.43"", ""3.28"", ""2.91"", ""4.67"", ""2.69""]'}",,,,,,,,,difmdism,,,,,0,0,0.0,question2,1.0,,8,,0.0,,,,,,,,,,,,,,,,,,,,,,,,,,,,,,,,,,1,1,,,,,,,,,,,,,,,,,,,,,,,,,,,,,,,,,,,,,,,,,,,,,,,,,,,,,,,,,,,,,,,,,,,,,,,,,,,,,,,,,,,,,,,,,,,,,,,,,,,,,,,,,,,,,,,,,,,,,,,,,,,,,,,,,,,,,,,,,,,,,,,,,,,,,,,,,,,,,,,,,,,,,,,,,,,,,,,,,,,,,,,,,,,,,,,,,,,,,,,,,,,,,,,,,,,,,,,,,,,,,,,,,,,,,,,,,,,,,,,,,,,,,,,,,,,,,,,,,,,,
9,l7lafx17,,0,0,21,,,,0,,,0.0,"('tasks', 'bonus', 'low')",tasks,bonus,penalty,low,Part 2,,,,,,"{'penalty': '[""2.00"", ""2.12"", ""2.42"", ""2.28"", ""2.22"", ""2.19"", ""2.49"", ""2.66"", ""2.79"", ""2.10"", ""2.56"", ""2.39"", ""2.12"", ""2.18"", ""2.30"", ""3.70"", ""3.44"", ""2.49"", ""2.70"", ""2.17"", ""2.77"", ""2.25"", ""2.51"", ""2.10"", ""2.14"", ""2.39"", ""2.12"", ""2.53"", ""2.78"", ""2.09"", ""2.34"", ""3.23"", ""2.23"", ""2.47"", ""2.22"", ""2.30"", ""2.27"", ""2.15"", ""2.10"", ""2.97"", ""2.64"", ""2.34"", ""2.70"", ""2.13"", ""2.17"", ""2.70"", ""4.04"", ""2.20"", ""2.20"", ""2.04""]', 'bonus': '[""2.10"", ""3.02"", ""2.38"", ""2.33"", ""2.25"", ""2.49"", ""2.19"", ""2.32"", ""2.26"", ""3.99"", ""2.28"", ""3.61"", ""4.15"", ""2.37"", ""2.77"", ""2.00"", ""2.05"", ""2.03"", ""3.75"", ""2.09"", ""2.68"", ""2.23"", ""2.86"", ""2.00"", ""2.34"", ""2.39"", ""2.30"", ""2.52"", ""2.82"", ""2.10"", ""2.55"", ""2.17"", ""2.11"", ""2.82"", ""2.26"", ""2.35"", ""2.54"", ""2.13"", ""2.08"", ""2.02"", ""2.73"", ""2.20"", ""2.26"", ""2.27"", ""2.32"", ""2.49"", ""2.51"", ""2.70"", ""2.53"", ""2.26""]'}","{'penalty': '[""2.04"", ""2.24"", ""3.58"", ""2.26"", ""2.52""]', 'bonus': '[""3.07"", ""2.11"", ""2.43"", ""2.04"", ""2.25""]'}",,,,,,,,,difmdism,,,,,0,0,0.0,question2,1.0,,9,,0.0,,,,,,,,,,,,,,,,,,,,,,,,,,,,,,,,,,1,1,,,,,,,,,,,,,,,,,,,,,,,,,,,,,,,,,,,,,,,,,,,,,,,,,,,,,,,,,,,,,,,,,,,,,,,,,,,,,,,,,,,,,,,,,,,,,,,,,,,,,,,,,,,,,,,,,,,,,,,,,,,,,,,,,,,,,,,,,,,,,,,,,,,,,,,,,,,,,,,,,,,,,,,,,,,,,,,,,,,,,,,,,,,,,,,,,,,,,,,,,,,,,,,,,,,,,,,,,,,,,,,,,,,,,,,,,,,,,,,,,,,,,,,,,,,,,,,,,,,,
10,rbwh66az,,0,0,21,,,,0,,,0.0,"('tasks', 'penalty', 'low')",tasks,penalty,bonus,low,Part 2,,,,,,"{'penalty': '[""2.68"", ""2.42"", ""2.78"", ""2.55"", ""2.99"", ""2.35"", ""2.08"", ""2.08"", ""2.70"", ""2.21"", ""2.19"", ""3.22"", ""2.01"", ""2.13"", ""2.36"", ""2.29"", ""2.49"", ""2.27"", ""2.44"", ""2.42"", ""2.07"", ""2.39"", ""9.40"", ""2.66"", ""2.67"", ""2.33"", ""2.10"", ""2.94"", ""2.30"", ""2.01"", ""2.26"", ""2.88"", ""2.31"", ""2.32"", ""2.75"", ""2.05"", ""2.47"", ""3.04"", ""2.94"", ""2.56"", ""2.31"", ""2.03"", ""2.28"", ""2.03"", ""2.25"", ""2.03"", ""2.08"", ""2.81"", ""3.33"", ""2.19""]', 'bonus': '[""2.83"", ""2.78"", ""2.83"", ""2.09"", ""2.13"", ""2.65"", ""2.30"", ""3.68"", ""4.70"", ""2.41"", ""3.06"", ""4.23"", ""2.12"", ""2.15"", ""3.44"", ""2.19"", ""2.29"", ""2.15"", ""2.24"", ""2.04"", ""2.44"", ""3.82"", ""2.23"", ""2.00"", ""2.00"", ""2.34"", ""2.03"", ""2.29"", ""2.63"", ""2.39"", ""2.11"", ""2.75"", ""2.70"", ""2.86"", ""2.17"", ""3.00"", ""2.37"", ""2.01"", ""2.13"", ""2.14"", ""2.22"", ""3.06"", ""2.30"", ""2.00"", ""5.20"", ""3.43"", ""2.08"", ""2.82"", ""2.64"", ""3.99""]'}","{'penalty': '[""2.24"", ""3.12"", ""2.60"", ""2.97"", ""2.18""]', 'bonus': '[""4.33"", ""2.06"", ""2.82"", ""2.32"", ""2.29""]'}",,,,,,,,,difmdism,,,,,0,0,0.0,question2,1.0,,10,,0.0,,,,,,,,,,,,,,,,,,,,,,,,,,,,,,,,,,1,1,,,,,,,,,,,,,,,,,,,,,,,,,,,,,,,,,,,,,,,,,,,,,,,,,,,,,,,,,,,,,,,,,,,,,,,,,,,,,,,,,,,,,,,,,,,,,,,,,,,,,,,,,,,,,,,,,,,,,,,,,,,,,,,,,,,,,,,,,,,,,,,,,,,,,,,,,,,,,,,,,,,,,,,,,,,,,,,,,,,,,,,,,,,,,,,,,,,,,,,,,,,,,,,,,,,,,,,,,,,,,,,,,,,,,,,,,,,,,,,,,,,,,,,,,,,,,,,,,,,,
